Symbol,Name,IndustryCode,Industry
WAVE,Eco Wave Power Global AB (publ) ADR,59101010,전력 유틸리티
SEED,Origin Agritech Ltd,54102010,어업 및 농업
APTO,Aptose Biosciences Inc,56202010,생명 공학 및 의학 연구
BIOR,Biora Therapeutics Inc,56202010,생명 공학 및 의학 연구
HTCR,HeartCore Enterprises Inc,57201020,소프트웨어
MYNZ,Mainz Biomed NV,56102010,의료 시설 및 서비스
HTOO,Fusion Fuel Green PLC,50201020,재생 가능 연료
TCRT,Alaunos Therapeutics Inc,56202010,생명 공학 및 의학 연구
VRM,Vroom Inc,57201030,온라인 서비스
NKGN,NKGen Biotech Inc,56202010,생명 공학 및 의학 연구
STRM,Streamline Health Solutions Inc,56102010,의료 시설 및 서비스
GLTO,Galecto Inc,56202010,생명 공학 및 의학 연구
AIH,Aesthetic Medical International Holdings Group Ltd ADR,56102010,의료 시설 및 서비스
IMPPP,Imperial Petroleum 8.75 Cumulative Redeemable Perpetual Pref Shs Series A,50201020,재생 가능 연료
ANY,Sphere 3D Corp,57301030,블록 체인 및 암호화폐
ETAO,ETAO International Co Ltd,56101010,첨단 의료 장비 및 기술
VRAR,Glimpse Group Inc,57201020,소프트웨어
VINC,Vincerx Pharma Inc,56202010,생명 공학 및 의학 연구
STBX,Starbox Group Holdings Ltd,52203040,경영 지원 서비스
ZCAR,Zoomcar Holdings Inc,52406020,지상 및 해상 여객 운송
IPDN,Professional Diversity Network Inc,52203030,고용 서비스
KALA,KALA BIO Inc,56201040,제약
OCCIO,OFS Credit Company 6 125 Prf Series C,55501030,폐쇄형 펀드
DTSS,Datasea Inc,57201020,소프트웨어
MULN,Mullen Automotive Inc,53101010,자동차 및 트럭 제조
UGRO,urban-gro Inc,54102010,어업 및 농업
CWD,CaliberCos Inc,55102020,투자 관리 및 펀드 운영
OP,Oceanpal Inc,52405020,해양 화물 및 물류
TAIT,Taitron Components Inc,57104010,전자 장비 및 부품
HUGE,FSD Pharma Inc,56202010,생명 공학 및 의학 연구
MLGO,MicroAlgo Inc,57201010,IT 서비스 및 컨설팅
BTOG,Bit Origin Ltd,57301030,블록 체인 및 암호화폐
GFAI,Guardforce AI Co Ltd,52203040,경영 지원 서비스
PIXY,ShiftPixy Inc,52203030,고용 서비스
ATHE,Alterity Therapeutics Ltd ADR,56202010,생명 공학 및 의학 연구
SSKN,STRATA Skin Sciences Inc,56101010,첨단 의료 장비 및 기술
PMCB,PharmaCyte Biotech Inc,56201040,제약
JYD,Jayud Global Logistics Ltd,52405010,"배달, 우편, 항공 화물 및 육상 물류"
CCLD,CareCloud Inc,57201020,소프트웨어
DYCQ,DT Cloud Acquisition Corp,55601010,투자 지주 회사
MIGI,Mawson Infrastructure Group Inc,57201010,IT 서비스 및 컨설팅
ATPC,Agape ATP Corp,56101020,"의료 장비, 물품 및 유통"
AKLI,Akili Inc,56101010,첨단 의료 장비 및 기술
ZKIN,ZK International Group Co Ltd,53203020,건설 자재 및 비품
BIMI,BIMI Holdings Inc,56201040,제약
SANW,S&W Seed Co,54102010,어업 및 농업
SOGP,Sound Group Inc ADR,57201030,온라인 서비스
FCUV,Focus Universal Inc,57201020,소프트웨어
FLGC,Flora Growth Corp,56102010,의료 시설 및 서비스
STRRP,Star Equity Holdings Cumulative Perpetual Pref Shs Series A,56102010,의료 시설 및 서비스
GCTK,GlucoTrack Inc,56202010,생명 공학 및 의학 연구
VBIV,VBI Vaccines Inc,56202010,생명 공학 및 의학 연구
PAVM,PAVmed Inc,56101010,첨단 의료 장비 및 기술
LITM,Snow Lake Resources Ltd,51201050,특수 채굴 및 금속
PRST,Presto Automation Inc,57201010,IT 서비스 및 컨설팅
FTFT,Future Fintech Group Inc,57301030,블록 체인 및 암호화폐
WHLR,Wheeler Real Estate Investment Trust Inc,60102020,상업용 REITs
BNTC,Benitec Biopharma Inc,56202010,생명 공학 및 의학 연구
TLPH,Talphera Inc,56201040,제약
HOLO,MicroCloud Hologram Inc,57201020,소프트웨어
TRAW,Traws Pharma Inc,56202010,생명 공학 및 의학 연구
GYRO,Gyrodyne LLC,60101010,"부동산 임대, 개발 및 운영"
ORGS,Orgenesis Inc,56101020,"의료 장비, 물품 및 유통"
JCTCF,Jewett-Cameron Trading Company Ltd,51301010,임업 및 목재 제품
NERV,Minerva Neurosciences Inc,56202010,생명 공학 및 의학 연구
JG,Aurora Mobile Ltd ADR,57201010,IT 서비스 및 컨설팅
PETV,PetVivo Holdings Inc,56101020,"의료 장비, 물품 및 유통"
BSGM,BioSig Technologies Inc,56101010,첨단 의료 장비 및 기술
NRBO,NeuroBo Pharmaceuticals Inc,56202010,생명 공학 및 의학 연구
MCVT,Mill City Ventures III Ltd,55101030,소비자 대출
AXDX,Accelerate Diagnostics Inc,56101010,첨단 의료 장비 및 기술
DOMH,Dominari Holdings Inc,56202010,생명 공학 및 의학 연구
NCRA,Nocera Inc,54102010,어업 및 농업
HWH,HWH International Inc,57201020,소프트웨어
GVH,Globavend Holdings Ltd,52405010,"배달, 우편, 항공 화물 및 육상 물류"
MMAT,Meta Materials Inc,57104010,전자 장비 및 부품
TSRI,TSR Inc,57201010,IT 서비스 및 컨설팅
EDUC,Educational Development Corp,53302040,소비자 출판
HKIT,Hitek Global Inc,57107010,통합 하드웨어 및 소프트웨어
TLIS,Talis Biomedical Corp,56202010,생명 공학 및 의학 연구
BENF,Beneficient,57301010,핀테크
BOSC,BOS Better Online Solutions Ltd,52102010,산업용 기계 및 장비
ATER,Aterian Inc,53204030,"가전제품, 도구 및 가정 용품"
WBUY,Webuy Global Ltd,57201030,온라인 서비스
ASTC,Astrotech Corp,57104010,전자 장비 및 부품
VRME,VerifyMe Inc,57201020,소프트웨어
FRSX,Foresight Autonomous Holdings Ltd ADR,57201020,소프트웨어
QTI,QT Imaging Holdings Inc,56101010,첨단 의료 장비 및 기술
LIQT,LiqTech International Inc,52203010,환경 서비스 및 장비
XELB,Xcel Brands Inc,53302030,엔터테인먼트 제작
FGFPP,Fundamental Global 8 00 Cumulative Pref Shs,55301050,재보험
SPI,SPI Energy Co Ltd,50201010,재생 가능 에너지 장비 및 서비스
CNVS,Cineverse Corp,53302030,엔터테인먼트 제작
SIDU,Sidus Space Inc,52101010,항공우주 및 방위
AYTU,Aytu Biopharma Inc,56201040,제약
PT,Pintec Technology Holdings Ltd ADR,57201010,IT 서비스 및 컨설팅
ONMD,Onemednet Corp,52203040,경영 지원 서비스
MTEX,Mannatech Inc,54102020,식품 가공
CANB,Can B Corp,54301020,식품 소매 및 유통
VWE,Vintage Wine Estates Inc,54101020,증류주 및 포도주
PIRS,Pieris Pharmaceuticals Inc,56202010,생명 공학 및 의학 연구
MHUA,Meihua International Medical Technologies Co Ltd,56101020,"의료 장비, 물품 및 유통"
SQFTP,Presidio Property Trus 9.375 Cumulative Redeemable Perpetual Cumulative,60102010,복합부동산 REITs
DPRO,Draganfly Inc,52101010,항공우주 및 방위
SGLY,Singularity Future Technology Ltd,52405010,"배달, 우편, 항공 화물 및 육상 물류"
COCP,Cocrystal Pharma Inc,56201040,제약
CISO,CISO Global Inc,57201030,온라인 서비스
YJ,Yunji Inc ADR,57201030,온라인 서비스
BGLC,BioNexus Gene Lab Corp,56102010,의료 시설 및 서비스
BRFH,Barfresh Food Group Inc,54101030,무알콜 음료
RMCO,Royalty Management Holding Corp,51201010,금 제외 귀금속 및 광물
ELBM,Electra Battery Materials Corp,51201050,특수 채굴 및 금속
PMD,Psychemedics Corp,56102010,의료 시설 및 서비스
MGIH,Millennium Group International Holdings Ltd,51302020,종이 포장재
GIPRU,Generation Income Properties Unit,60101010,"부동산 임대, 개발 및 운영"
BREA,Brera Holdings PLC,53301040,여가 및 오락시설
HLP,Hongli Group Inc,52102010,산업용 기계 및 장비
GURE,Gulf Resources Inc,51101010,상품 화학
GLBZ,Glen Burnie Bancorp,55101010,은행
GIGM,GigaMedia Ltd,57201030,온라인 서비스
EDTK,Skillful Craftsman Education Technology Ltd,63103010,전문 및 비즈니스 교육
ELSE,Electro-Sensors Inc,52102010,산업용 기계 및 장비
TRIB,Trinity Biotech PLC ADR,56101020,"의료 장비, 물품 및 유통"
SRM,SRM Entertainment Inc,53205010,장난감 및 어린이 제품
PNBK,Patriot National Bancorp Inc,55101010,은행
ASTR,Astra Space Inc,52101010,항공우주 및 방위
RWOD,Redwoods Acquisition Corp,55601010,투자 지주 회사
EDSA,Edesa Biotech Inc,56202010,생명 공학 및 의학 연구
VERB,Verb Technology Company Inc,57201010,IT 서비스 및 컨설팅
KITT,Nauticus Robotics Inc,52102010,산업용 기계 및 장비
IMRN,Immuron Ltd ADR,56201040,제약
RCON,Recon Technology Ltd,50103020,오일 관련 서비스 및 장비
NXTT,Next Technology Holding Inc,57201030,온라인 서비스
ADN,Advent Technologies Holdings Inc,50201010,재생 가능 에너지 장비 및 서비스
MINDP,MIND Technology 9 00 Cumulative Pref Shs Series A,50103020,오일 관련 서비스 및 장비
MINM,Minim Inc,57401020,무선 통신 서비스
BTCY,Biotricity Inc,56101010,첨단 의료 장비 및 기술
NXGL,Nexgel Inc,56201040,제약
OMH,Ohmyhome Ltd,57201020,소프트웨어
NUKK,Nukkleus Inc,57301010,핀테크
MDJH,MDJM Ltd,60101020,부동산 서비스
IVDA,Iveda Solutions Inc,57102010,통신 및 네트워킹
GDHG,Golden Heaven Group Holdings Ltd,53301040,여가 및 오락시설
IKT,Inhibikase Therapeutics Inc,56202010,생명 공학 및 의학 연구
STRR,Star Equity Holdings Inc,56102010,의료 시설 및 서비스
RDHL,Redhill Biopharma Ltd ADR,56201040,제약
GTACU,Global Technology Acquisition Units,55601010,투자 지주 회사
KPRX,Kiora Pharmaceuticals Inc,56202010,생명 공학 및 의학 연구
SDOT,Sadot Group Inc,54102010,어업 및 농업
XTLB,X T L Biopharmaceuticals Ltd ADR,56202010,생명 공학 및 의학 연구
KRKR,36Kr Holdings Inc ADR,52203040,경영 지원 서비스
SNTI,Senti Biosciences Inc,56202010,생명 공학 및 의학 연구
TNXP,Tonix Pharmaceuticals Holding Corp,56201040,제약
CHEK,Check Cap Ltd,56202010,생명 공학 및 의학 연구
OTRK,Ontrak Inc,56102010,의료 시설 및 서비스
TURB,Turbo Energy SA ADR,50201010,재생 가능 에너지 장비 및 서비스
SQFT,Presidio Property Trust Inc,60102010,복합부동산 REITs
CSLR,Complete Solaria Inc,53203020,건설 자재 및 비품
CNTG,Centogene NV,56202010,생명 공학 및 의학 연구
CNFR,Conifer Holdings Inc,55301020,손해보험
MBOT,Microbot Medical Inc,56202010,생명 공학 및 의학 연구
BMRA,Biomerica Inc,56101020,"의료 장비, 물품 및 유통"
BLIN,Bridgeline Digital Inc,57201020,소프트웨어
XELA,Exela Technologies Inc,57201010,IT 서비스 및 컨설팅
MEGL,Magic Empire Global Ltd,55102010,투자 은행 및 중개 서비스
HUBC,Hub Cyber Security Ltd,57201020,소프트웨어
COEP,Coeptis Therapeutics Holdings Inc,56201040,제약
RGS,Regis Corp,54201030,개인 서비스
UCAR,U Power Ltd,53101010,자동차 및 트럭 제조
AVTX,Avalo Therapeutics Inc,56202010,생명 공학 및 의학 연구
MIRA,Mira Pharmaceuticals Inc,56202010,생명 공학 및 의학 연구
FMST,Foremost Lithium Resource & Technology Ltd,51201080,다각적 채굴
NBST,Newbury Street Acquisition Corp,55601010,투자 지주 회사
ASLN,Aslan Pharmaceuticals Ltd ADR,56202010,생명 공학 및 의학 연구
AEHL,Antelope Enterprise Holdings Ltd,57201030,온라인 서비스
MDRR,Medalist Diversified Reit Inc,60102020,상업용 REITs
FGI,FGI Industries Ltd,53403020,주택 개조 제품 및 서비스 소매
STKH,Steakholder Foods Ltd ADR,54102010,어업 및 농업
PPBT,Purple Biotech Ltd ADR,56202010,생명 공학 및 의학 연구
IPW,iPower Inc,57201030,온라인 서비스
INHD,Inno Holdings Inc,52201020,건설 및 엔지니어링
CLWT,Euro Tech Holdings Company Ltd,52203010,환경 서비스 및 장비
MNPR,Monopar Therapeutics Inc,56202010,생명 공학 및 의학 연구
MTEK,Maris Tech Ltd,57102010,통신 및 네트워킹
VVPR,VivoPower International PLC,59101010,전력 유틸리티
CLVSQ,Clovis Oncology Inc,56202010,생명 공학 및 의학 연구
PETZ,TDH Holdings Inc,54102020,식품 가공
ERNA,Eterna Therapeutics Inc,56202010,생명 공학 및 의학 연구
TOMZ,TOMI Environmental Solutions Inc,52203010,환경 서비스 및 장비
ESGL,ESGL Holdings Ltd,52203010,환경 서비스 및 장비
HEPA,Hepion Pharmaceuticals Inc,56202010,생명 공학 및 의학 연구
ONVO,Organovo Holdings Inc,56202010,생명 공학 및 의학 연구
SVRE,Saverone 2014 Ltd ADR,57201020,소프트웨어
EEIQ,EpicQuest Education Group International Ltd,63101010,기타 교육 서비스 제공
JNVR,Janover Inc,57301010,핀테크
SHPW,Shapeways Holdings Inc,57107010,통합 하드웨어 및 소프트웨어
LEDS,SemiLEDs Corp,57101010,반도체
ABVC,ABVC Biopharma Inc,56202010,생명 공학 및 의학 연구
BFI,BurgerFi International Inc,53301020,레스토랑 및 바
FRES,Fresh2 Group Ltd ADR,56202010,생명 공학 및 의학 연구
CHNR,China Natural Resources Inc,59103010,수자원 유틸리티
NXL,Nexalin Technology Inc,56101010,첨단 의료 장비 및 기술
EZFL,EzFill Holdings Inc,50102030,"오일, 가스 정제 및 마케팅"
IDEX,Ideanomics Inc,53101010,자동차 및 트럭 제조
YGMZ,MingZhu Logistics Holdings Ltd,52405030,지상 화물 및 물류
GENE,Genetic Technologies Ltd ADR,56102010,의료 시설 및 서비스
ICCT,iCoreConnect Inc,57201020,소프트웨어
HGAS,Global Gas Corp,51101010,상품 화학
LDWY,Lendway Inc,55101030,소비자 대출
BTBD,Bt Brands Inc,53301020,레스토랑 및 바
WLDS,Wearable Devices Ltd,57107010,통합 하드웨어 및 소프트웨어
IMNN,Imunon Inc,56202010,생명 공학 및 의학 연구
SPPL,Simpple Ltd,57201020,소프트웨어
UPXI,Upexi Inc,57201030,온라인 서비스
CTHR,Charles & Colvard Ltd,53202020,의류 및 액세서리
GHSI,Guardion Health Sciences Inc,56201040,제약
BNOX,Bionomics Ltd ADR,56202010,생명 공학 및 의학 연구
JVA,Coffee Holding Co Inc,54102020,식품 가공
COSM,Cosmos Health Inc,56201040,제약
WRNT,Warrantee Inc ADR,53302010,광고 및 마케팅
ELAB,ELEVAI Labs Inc,56202010,생명 공학 및 의학 연구
TKLF,Yoshitsu Co Ltd ADR,54301010,의약품 소매
BCDA,BioCardia Inc,56202010,생명 공학 및 의학 연구
GRTX,Galera Therapeutics Inc,56202010,생명 공학 및 의학 연구
RGF,Real Good Food Company Inc,54102020,식품 가공
MBRX,Moleculin Biotech Inc,56201040,제약
ARTW,Art's Way Manufacturing Co Inc,52102020,중장비 및 차량
TBIO,Telesis Bio Inc,56101010,첨단 의료 장비 및 기술
CMMB,Chemomab Therapeutics Ltd ADR,56202010,생명 공학 및 의학 연구
KAVL,Kaival Brands Innovations Group Inc,54301020,식품 소매 및 유통
PXSAP,Pyxis Tankers 7 75 Cumulative Convertible Pref Shs Series A,52405020,해양 화물 및 물류
WISA,WiSA Technologies Inc,57101010,반도체
JEWL,Adamas One Corp,53202020,의류 및 액세서리
MTEM,Molecular Templates Inc,56202010,생명 공학 및 의학 연구
BRTX,BioRestorative Therapies Inc,56202010,생명 공학 및 의학 연구
HIHO,Highway Holdings Ltd,51201020,철 및 강철
PWM,Prestige Wealth Inc,55102020,투자 관리 및 펀드 운영
LGVN,Longeveron Inc,56202010,생명 공학 및 의학 연구
PRPO,Precipio Inc,56101010,첨단 의료 장비 및 기술
AKTX,Akari Therapeutics PLC ADR,56202010,생명 공학 및 의학 연구
XXII,22nd Century Group Inc,54102030,담배
CREG,Smart Powerr Corp,50201010,재생 가능 에너지 장비 및 서비스
SPEC,Spectaire Holdings Inc,52203040,경영 지원 서비스
AEZS,Aeterna Zentaris Inc,56202010,생명 공학 및 의학 연구
VSME,VS Media Holdings Ltd,53302030,엔터테인먼트 제작
MRIN,Marin Software Inc,57201020,소프트웨어
LTRY,Lottery.com Inc,53301030,카지노 및 도박
ATIF,ATIF Holdings Ltd,52203070,전문 정보 서비스
BHAT,Blue Hat Interactive Entertainment Technology,53205010,장난감 및 어린이 제품
GSUN,Golden Sun Health Technology Group Ltd,63101010,기타 교육 서비스 제공
ELWS,Earlyworks Co Ltd ADR,57201010,IT 서비스 및 컨설팅
GRNQ,GreenPro Capital Corp,55101050,기업 금융 서비스
PBM,Psyence Biomedical Ltd,56201040,제약
CMAX,CareMax Inc,56102010,의료 시설 및 서비스
KZIA,Kazia Therapeutics Ltd ADR,56202010,생명 공학 및 의학 연구
SGD,Safe & Green Development Corp,52201020,건설 및 엔지니어링
WKSP,Worksport Ltd,52203040,경영 지원 서비스
JTAI,Jet.AI Inc,57201020,소프트웨어
WATT,Energous Corp,52102030,전기 부품 및 장비
VISL,Vislink Technologies Inc,57102010,통신 및 네트워킹
CYN,CYNGN Inc,57201020,소프트웨어
NVOS,Novo Integrated Sciences Inc,56102010,의료 시설 및 서비스
IDAI,T Stamp Inc,57201020,소프트웨어
ZAPP,Zapp Electric Vehicles Group Ltd,53101010,자동차 및 트럭 제조
LKCO,Luokung Technology Corp,57201020,소프트웨어
ADIL,Adial Pharmaceuticals Inc,56202010,생명 공학 및 의학 연구
NTBL,Notable Labs Ltd,56202010,생명 공학 및 의학 연구
SLE,Super League Enterprise Inc,57201030,온라인 서비스
CYCN,Cyclerion Therapeutics Inc,56202010,생명 공학 및 의학 연구
VIRI,Virios Therapeutics Inc,56202010,생명 공학 및 의학 연구
AIHS,Senmiao Technology Ltd,53403010,"자동차 차량, 부품 및 서비스 소매"
OST,Ostin Technology Group Co Ltd,57104010,전자 장비 및 부품
MSGM,Motorsport Games Inc,57201030,온라인 서비스
BFRI,Biofrontera Inc,56201040,제약
RAYA,Erayak Power Solution Group Inc,52102030,전기 부품 및 장비
ENG,ENGlobal Corp,52201020,건설 및 엔지니어링
BLBX,Blackboxstocks Inc,57201020,소프트웨어
PAVS,Paranovus Entertainment Technology Ltd,54102020,식품 가공
MEDS,TRxADE Health Inc,57201030,온라인 서비스
WAFU,Wah Fu Education Group Ltd,63101010,기타 교육 서비스 제공
ILAG,Intelligent Living Application Group Inc,52102010,산업용 기계 및 장비
MARPS,Marine Petroleum Units,50102020,"오일, 가스 탐사 및 생산"
GV,Visionary Holdings Inc,60101010,"부동산 임대, 개발 및 운영"
GVP,GSE Systems Inc,57201010,IT 서비스 및 컨설팅
PRZO,Parazero Technologies Ltd,52101010,항공우주 및 방위
NCNA,NuCana PLC ADR,56202010,생명 공학 및 의학 연구
VEEE,Twin Vee PowerCats Co,53205020,오락용 제품
DXYN,Dixie Group Inc,53204040,가정용 가구
UPC,Universe Pharmaceuticals Inc,56201040,제약
INBS,Intelligent Bio Solutions Inc,56202010,생명 공학 및 의학 연구
CARV,Carver Bancorp Inc,55101010,은행
BCAN,BYND Cannasoft Enterprises Inc,57201020,소프트웨어
IMCC,IM Cannabis Corp,56201040,제약
SLNHP,Soluna Holdings 9.0 Cumulative Perpetual Pref Shs Series A,57201010,IT 서비스 및 컨설팅
TFFP,TFF Pharmaceuticals Inc,56202010,생명 공학 및 의학 연구
CCLDO,CareCloud 8 75 Cumulative Redeemable Perpetual Pref Shs Series B,57201020,소프트웨어
ROMA,Roma Green Finance Ltd,52203040,경영 지원 서비스
UXIN,Uxin Ltd ADR,53403010,"자동차 차량, 부품 및 서비스 소매"
NIVF,NewGenIvf Group Ltd,56102010,의료 시설 및 서비스
SCKT,Socket Mobile Inc,57104010,전자 장비 및 부품
ISUN,iSun Inc,52201020,건설 및 엔지니어링
TC,TuanChe Ltd ADR,52203040,경영 지원 서비스
FATBB,FAT Brands Inc Class B,53301020,레스토랑 및 바
VCNX,Vaccinex Inc,56202010,생명 공학 및 의학 연구
JXJT,JX Luxventure Ltd,53202020,의류 및 액세서리
WLGS,WANG & LEE GROUP Inc,52201020,건설 및 엔지니어링
LIXT,Lixte Biotechnology Holdings Inc,56202010,생명 공학 및 의학 연구
SVMH,SRIVARU Holding Ltd,53101010,자동차 및 트럭 제조
KTTA,Pasithea Therapeutics Corp,56202010,생명 공학 및 의학 연구
BNZI,Banzai International Inc,57201010,IT 서비스 및 컨설팅
RVYL,Ryvyl Inc,57201020,소프트웨어
PIK,Kidpik Corp,53403040,의류 및 액세서리 소매
VVOS,Vivos Therapeutics Inc,56101020,"의료 장비, 물품 및 유통"
NURO,NeuroMetrix Inc,56101020,"의료 장비, 물품 및 유통"
PSTV,Plus Therapeutics Inc,56202010,생명 공학 및 의학 연구
TENX,Tenax Therapeutics Inc,56202010,생명 공학 및 의학 연구
CNET,ZW Data Action Technologies Inc,53302010,광고 및 마케팅
CLVR,Clever Leaves Holdings Inc,56201040,제약
PULM,Pulmatrix Inc,56202010,생명 공학 및 의학 연구
HSCS,Heart Test Laboratories Inc,56101010,첨단 의료 장비 및 기술
MGRX,Mangoceuticals Inc,56102010,의료 시설 및 서비스
OLB,OLB Group Inc,57201030,온라인 서비스
SYRA,Syra Health Corp,56102010,의료 시설 및 서비스
FRZA,Forza X1 Inc,53205020,오락용 제품
CPOP,Pop Culture Group Co Ltd,53301040,여가 및 오락시설
SPGC,Sacks Parente Golf Inc,53205020,오락용 제품
CVKD,Cadrenal Therapeutics Inc,56202010,생명 공학 및 의학 연구
MIND,Mind Technology Inc,50103020,오일 관련 서비스 및 장비
ENVB,Enveric Biosciences Inc,56202010,생명 공학 및 의학 연구
VMAR,Vision Marine Technologies Inc,53205020,오락용 제품
AQB,AquaBounty Technologies Inc,56202010,생명 공학 및 의학 연구
SHPH,Shuttle Pharmaceuticals Holdings Inc,56201040,제약
TRVN,Trevena Inc,56202010,생명 공학 및 의학 연구
AVGR,Avinger Inc,56101010,첨단 의료 장비 및 기술
LMFA,LM Funding America Inc,55101030,소비자 대출
LIDR,AEye Inc,57104010,전자 장비 및 부품
EFTR,eFFECTOR Therapeutics Inc,56202010,생명 공학 및 의학 연구
EFOI,Energy Focus Inc,53203020,건설 자재 및 비품
CELZ,Creative Medical Technology Holdings Inc,56202010,생명 공학 및 의학 연구
AYRO,AYRO Inc,53101010,자동차 및 트럭 제조
TTNP,Titan Pharmaceuticals Inc,56201040,제약
HCTI,Healthcare Triangle Inc,57201020,소프트웨어
XBIO,Xenetic Biosciences Inc,56202010,생명 공학 및 의학 연구
QH,Quhuo Ltd ADR,52405010,"배달, 우편, 항공 화물 및 육상 물류"
GXAI,Gaxos.AI Inc,57201020,소프트웨어
POLA,Polar Power Inc,52102030,전기 부품 및 장비
CAUD,Collective Audience Inc,57201010,IT 서비스 및 컨설팅
OPGN,OpGen Inc,56202010,생명 공학 및 의학 연구
AIMD,Ainos Inc,56202010,생명 공학 및 의학 연구
XRTX,XORTX Therapeutics Inc,56202010,생명 공학 및 의학 연구
SLNH,Soluna Holdings Inc,57201010,IT 서비스 및 컨설팅
GROM,Grom Social Enterprises Inc,57201030,온라인 서비스
PTIX,Protagenic Therapeutics Inc,56202010,생명 공학 및 의학 연구
DGLY,Digital Ally Inc,57102010,통신 및 네트워킹
OXBR,Oxbridge Re Holdings Ltd,55301050,재보험
BON,Bon Natural Life Ltd,56201040,제약
ANTE,Airnet Technology Inc ADR,53302010,광고 및 마케팅
ATXI,Avenue Therapeutics Inc,56202010,생명 공학 및 의학 연구
GPAK,Gamer Pakistan Inc,53301040,여가 및 오락시설
CYCCP,Cyclacel Pharmaceuticals 6 Conv Pref Shs,56202010,생명 공학 및 의학 연구
GDC,GD Culture Group Ltd,53302010,광고 및 마케팅
XWEL,XWELL Inc,54201030,개인 서비스
ASST,Asset Entities Inc,57201030,온라인 서비스
AEI,Alset Inc,52201020,건설 및 엔지니어링
XELAP,Exela Technologies 6 00 Cum Convt Perptl Pref Shs Series B,57201010,IT 서비스 및 컨설팅
FWBI,First Wave BioPharma Inc,56202010,생명 공학 및 의학 연구
OMQS,Omniq Corp,57201010,IT 서비스 및 컨설팅
APDN,Applied DNA Sciences Inc,56101020,"의료 장비, 물품 및 유통"
IONM,Assure Holdings Corp,56102010,의료 시설 및 서비스
SNTG,Sentage Holdings Inc,55101030,소비자 대출
PXMD,PaxMedica Inc,56202010,생명 공학 및 의학 연구
MOB,Mobilicom Ltd ADR,52203040,경영 지원 서비스
YOSH,Yoshiharu Global Co,53301020,레스토랑 및 바
SILO,Silo Pharma Inc,56201040,제약
ADD,Color Star Technology Co Ltd,63101010,기타 교육 서비스 제공
OCTO,Eightco Holdings Inc,51302020,종이 포장재
GWAV,Greenwave Technology Solutions Inc,52203010,환경 서비스 및 장비
BTCT,BTC Digital Ltd,57301030,블록 체인 및 암호화폐
LQR,LQR House Inc,54301020,식품 소매 및 유통
MYMD,Mymd Pharmaceuticals Inc,56202010,생명 공학 및 의학 연구
SONN,Sonnet Biotherapeutics Holdings Inc,56201040,제약
FORD,Forward Industries Inc,53202020,의류 및 액세서리
CEAD,CEA Industries Inc,52102030,전기 부품 및 장비
VERO,Venus Concept Inc,56101010,첨단 의료 장비 및 기술
KA,Kineta Inc,56202010,생명 공학 및 의학 연구
RVSN,Rail Vision Ltd,57104010,전자 장비 및 부품
BOXL,Boxlight Corp,57104010,전자 장비 및 부품
NLSP,NLS Pharmaceutics AG,56202010,생명 공학 및 의학 연구
GTBP,GT Biopharma Inc,56201040,제약
DRUG,Bright Minds Biosciences Inc,56202010,생명 공학 및 의학 연구
IFBD,Infobird Co Ltd,57201020,소프트웨어
HOTH,Hoth Therapeutics Inc,56201040,제약
BAOS,Baosheng Media Group Holdings Ltd,53302010,광고 및 마케팅
AFIB,Acutus Medical Inc,56101020,"의료 장비, 물품 및 유통"
THMO,Thermogenesis Holdings Inc,57105010,사무기기
LCFY,Locafy Ltd,57201020,소프트웨어
WHLRP,Wheeler Real Estate Investment Trust Series B Conv Prf Shs,60102020,상업용 REITs
SOBR,Sobr Safe Inc,57201020,소프트웨어
LFLY,Leafly Holdings Inc,57201020,소프트웨어
LUXHP,LuxUrban Hotels 13 00 Cumulative Redeemable Preferred Shs Series A,60101010,"부동산 임대, 개발 및 운영"
SNPX,Synaptogenix Inc,56202010,생명 공학 및 의학 연구
TGL,Treasure Global Inc,57201020,소프트웨어
DBGI,Digital Brands Group Inc,53403040,의류 및 액세서리 소매
MICS,Singing Machine Company Inc,57106030,가정용 전자 제품
XCUR,Exicure Inc,56202010,생명 공학 및 의학 연구
RETO,ReTo Eco-Solutions Inc,51202010,건설 자재
AMST,Amesite Inc,57201020,소프트웨어
FAMI,Farmmi Inc,54102010,어업 및 농업
MNTS,Momentus Inc,52101010,항공우주 및 방위
NVFY,Nova LifeStyle Inc,53204040,가정용 가구
AUUD,Auddia Inc,57201020,소프트웨어
STSS,Sharps Technology Inc,56101020,"의료 장비, 물품 및 유통"
EZGO,EZGO Technologies Ltd,53205020,오락용 제품
BIOL,BIOLASE Inc,56101010,첨단 의료 장비 및 기술
KXIN,Kaixin Holdings,53403010,"자동차 차량, 부품 및 서비스 소매"
LIPO,Lipella Pharmaceuticals Inc,56202010,생명 공학 및 의학 연구
CAMP,CalAmp Corp,57401020,무선 통신 서비스
MDRRP,Medalist Diversified REIT Cumulative Redeemable Pref Shs Series A,60102020,상업용 REITs
TCON,TRACON Pharmaceuticals Inc,56201040,제약
PTPI,Petros Pharmaceuticals Inc,56202010,생명 공학 및 의학 연구
CJJD,China Jo-Jo Drugstores Inc,54301010,의약품 소매
ZVSA,Zyversa Therapeutics Inc,56202010,생명 공학 및 의학 연구
KWE,Kwesst Micro Systems Inc,52101010,항공우주 및 방위
PRTG,Portage Biotech Inc,56202010,생명 공학 및 의학 연구
ALZN,Alzamend Neuro Inc,56202010,생명 공학 및 의학 연구
VRPX,Virpax Pharmaceuticals Inc,56202010,생명 공학 및 의학 연구
POAI,Predictive Oncology Inc,56101020,"의료 장비, 물품 및 유통"
SEEL,Seelos Therapeutics Inc,56202010,생명 공학 및 의학 연구
SOPA,Society Pass Inc,57201010,IT 서비스 및 컨설팅
SISI,Shineco Inc,54102020,식품 가공
NXU,NXU Inc.,52102030,전기 부품 및 장비
SNGX,Soligenix Inc,56202010,생명 공학 및 의학 연구
BNRG,Brenmiller Energy Ltd,50201010,재생 가능 에너지 장비 및 서비스
SNAX,Stryve Foods Inc,54102020,식품 가공
CSSE,Chicken Soup for The Soul Entertainment Inc,53302030,엔터테인먼트 제작
BOF,BranchOut Food Inc,54102020,식품 가공
SMX,SMX (Security Matters) PLC,57301030,블록 체인 및 암호화폐
EGOX,NexteGO NV,53101020,"자동차, 트럭 및 오토바이 부품"
TCBP,TC BioPharm Ltd ADR,56202010,생명 공학 및 의학 연구
HSDT,Helius Medical Technologies Inc,56101010,첨단 의료 장비 및 기술
NEXI,Neximmune Inc,56202010,생명 공학 및 의학 연구
PCSA,Processa Pharmaceuticals Inc,56201040,제약
THAR,Tharimmune Inc,56202010,생명 공학 및 의학 연구
CING,Cingulate Inc,56202010,생명 공학 및 의학 연구
REBN,Reborn Coffee Inc,53301020,레스토랑 및 바
PALI,Palisade Bio Inc,56202010,생명 공학 및 의학 연구
WAVD,WaveDancer Inc,57201010,IT 서비스 및 컨설팅
VLCN,Volcon Inc,53101010,자동차 및 트럭 제조
GNPX,Genprex Inc,56202010,생명 공학 및 의학 연구
YTEN,Yield10 Bioscience Inc,56202010,생명 공학 및 의학 연구
GGE,Green Giant Inc,60101010,"부동산 임대, 개발 및 운영"
INVO,INVO Bioscience Inc,56101020,"의료 장비, 물품 및 유통"
XYLO,Xylo Technologies Ltd ADR,56101010,첨단 의료 장비 및 기술
KTRA,Kintara Therapeutics Inc,56202010,생명 공학 및 의학 연구
ARTL,Artelo Biosciences Inc,56202010,생명 공학 및 의학 연구
IMTE,Integrated Media Technology Ltd,57104010,전자 장비 및 부품
SBET,Sharplink Gaming Inc,57201010,IT 서비스 및 컨설팅
AGFY,Agrify Corp,54102010,어업 및 농업
EVOK,Evoke Pharma Inc,56201040,제약
XLYO,Xylo Technologies Ltd ADR,56101010,첨단 의료 장비 및 기술
ADTX,Aditxt Inc,56202010,생명 공학 및 의학 연구
NVVE,Nuvve Holding Corp,59101010,전력 유틸리티
RSLS,ReShape Lifesciences Inc,56101010,첨단 의료 장비 및 기술
ATXG,Addentax Group Corp,52405010,"배달, 우편, 항공 화물 및 육상 물류"
CDZIP,Cadiz Depositary Shares,59103010,수자원 유틸리티
MGOL,MGO Global Inc,53302010,광고 및 마케팅
FUV,Arcimoto Inc,53101010,자동차 및 트럭 제조
AUVIP,Applied UV Pref Shs Series A,52102030,전기 부품 및 장비
MBIO,Mustang Bio Inc,56202010,생명 공학 및 의학 연구
ISPC,iSpecimen Inc,57201020,소프트웨어
JCSE,JE Cleantech Holdings Ltd,52102010,산업용 기계 및 장비
FNCH,Finch Therapeutics Group Inc,56202010,생명 공학 및 의학 연구
BPTS,Biophytis SA ADR,56202010,생명 공학 및 의학 연구
CMND,Clearmind Medicine Inc,56202010,생명 공학 및 의학 연구
AEMD,Aethlon Medical Inc,56101010,첨단 의료 장비 및 기술
DATS,DatChat Inc,57201010,IT 서비스 및 컨설팅
REVB,Revelation Biosciences Inc,56202010,생명 공학 및 의학 연구
PSNYW,Polestar Automotive Holding Uk Plc ADR,53101010,자동차 및 트럭 제조
TRNR,Interactive Strength Inc,53301040,여가 및 오락시설
SNES,Senestech Inc,56202010,생명 공학 및 의학 연구
ZCMD,Zhongchao Inc,63103010,전문 및 비즈니스 교육
NITO,N2OFF Inc,51101020,농화학제
BACK,IMAC Holdings Inc,56102010,의료 시설 및 서비스
HPCO,Hempacco Co Inc,54102030,담배
GOVX,GeoVax Labs Inc,56202010,생명 공학 및 의학 연구
WKEY,Wisekey International Holding AG ADR,57101010,반도체
BDRX,Biodexa Pharmaceuticals PLC ADR,56202010,생명 공학 및 의학 연구
ALBT,Avalon Globocare Corp,56102010,의료 시설 및 서비스
CLEU,China Liberal Education Holdings Ltd,63101010,기타 교육 서비스 제공
LUCY,Innovative Eyewear Inc,56101020,"의료 장비, 물품 및 유통"
IVP,Inspire Veterinary Partners Inc,56102010,의료 시설 및 서비스
AGRI,AgriFORCE Growing Systems Ltd,56201040,제약
CYTO,Altamira Therapeutics Ltd,56202010,생명 공학 및 의학 연구
SPRC,Scisparc Ltd,56201040,제약
VINO,Gaucho Group Holdings Inc,60101010,"부동산 임대, 개발 및 운영"
SBFM,Sunshine Biopharma Inc,56201040,제약
INTZ,Intrusion Inc,57201010,IT 서비스 및 컨설팅
VS,Versus Systems Inc,57201020,소프트웨어
CETX,Cemtrex Inc,52203040,경영 지원 서비스
PRSO,Peraso Inc,57101010,반도체
BPTH,Bio Path Holdings Inc,56202010,생명 공학 및 의학 연구
OCG,Oriental Culture Holding Ltd,53302010,광고 및 마케팅
APVO,Aptevo Therapeutics Inc,56202010,생명 공학 및 의학 연구
WNW,Meiwu Technology Co Ltd,53402010,백화점
WINT,Windtree Therapeutics Inc,56202010,생명 공학 및 의학 연구
DCFC,Tritium Dcfc Ltd,52102030,전기 부품 및 장비
PEGY,Pineapple Energy Inc,59101010,전력 유틸리티
BKYI,BIO-Key International Inc,57104010,전자 장비 및 부품
AUVI,Applied UV Inc,52102030,전기 부품 및 장비
ONCO,Onconetix Inc,56201040,제약
PHIO,Phio Pharmaceuticals Corp,56202010,생명 공학 및 의학 연구
RNAZ,Transcode Therapeutics Inc,56202010,생명 공학 및 의학 연구
SXTP,60 Degrees Pharmaceuticals Inc,56201040,제약
WORX,Scworx Corp,52203040,경영 지원 서비스
CISS,C3is Inc,52203040,경영 지원 서비스
LGHL,Lion Group Holding Ltd ADR,55102010,투자 은행 및 중개 서비스
TNON,Tenon Medical Inc,56101020,"의료 장비, 물품 및 유통"
SECO,Secoo Holding Ltd ADR,57201030,온라인 서비스
LYT,Lytus Technologies Holdings Ptv Ltd,57201030,온라인 서비스
DYNT,Dynatronics Corp,56101010,첨단 의료 장비 및 기술
LXEH,Lixiang Education Holding Co Ltd ADR,63102010,"초, 중, 고등 교육기관"
MVLA,Movella Holdings Inc,57201020,소프트웨어
CRKN,Crown Electrokinetics Corp.,51202010,건설 자재
RKDA,Arcadia Biosciences Inc,51101020,농화학제
FFIE,Faraday Future Intelligent Electric Inc,53101010,자동차 및 트럭 제조
BSFC,Blue Star Foods Corp,54102020,식품 가공
TIRX,Tian Ruixiang Holdings Ltd,55301010,복합보험 및 중개인
NDRA,ENDRA Life Sciences Inc,56202010,생명 공학 및 의학 연구
NTRP,NextTrip Inc,53301040,여가 및 오락시설
JWEL,Jowell Global Ltd,53402010,백화점
TANH,Tantech Holdings Ltd,54201020,개인 생활 필수 용품
SGBX,Safe & Green Holdings Corp,53203010,주택 건설
NCPL,Netcapital Inc,57301090,기타 핀테크 인프라
STAF,Staffing 360 Solutions Inc,52203030,고용 서비스
MYSZ,My Size Inc,57201020,소프트웨어
GNLN,Greenlane Holdings Inc,54301020,식품 소매 및 유통
SNOA,Sonoma Pharmaceuticals Inc,56201040,제약
CYCC,Cyclacel Pharmaceuticals Inc,56202010,생명 공학 및 의학 연구
ONFO,Onfolio Holdings Inc,52203040,경영 지원 서비스
GLMD,Galmed Pharmaceuticals Ltd,56202010,생명 공학 및 의학 연구
RCRT,Recruiter.Com Group Inc,52203030,고용 서비스
DRMA,Dermata Therapeutics Inc,56202010,생명 공학 및 의학 연구
FRGT,Freight Technologies Inc,52405030,지상 화물 및 물류
SPCB,Supercom Ltd,57201020,소프트웨어
PRFX,PainReform Ltd,56201040,제약
CNSP,CNS Pharmaceuticals Inc,56202010,생명 공학 및 의학 연구
LSDI,Lucy Scientific Discovery Inc,56201040,제약
AWIN,AERWINS Technologies Inc,52101010,항공우주 및 방위
OBLG,Oblong Inc,57104010,전자 장비 및 부품
TAOP,Taoping Inc,57106010,컴퓨터 하드웨어
ACON,Aclarion Inc,56202010,생명 공학 및 의학 연구
SLRX,Salarius Pharmaceuticals Inc,56202010,생명 공학 및 의학 연구
NAOV,Nanovibronix Inc,56101020,"의료 장비, 물품 및 유통"
ASNS,Actelis Networks Inc,52201020,건설 및 엔지니어링
ASTI,Ascent Solar Technologies Inc,50201010,재생 가능 에너지 장비 및 서비스
SINT,SINTX Technologies Inc,56101020,"의료 장비, 물품 및 유통"
SCNI,Scinai Immunotherapeutics Ltd ADR,56202010,생명 공학 및 의학 연구
CNEY,CN Energy Group Inc,51101010,상품 화학
QLGN,Qualigen Therapeutics Inc,56202010,생명 공학 및 의학 연구
JFBR,Jeffs Brands Ltd,53402010,백화점
LGMK,LogicMark Inc,56101010,첨단 의료 장비 및 기술
DUO,Fangdd Network Group Ltd ADR,60101020,부동산 서비스
AREB,American Rebel Holdings Inc,52101010,항공우주 및 방위
ENSC,Ensysce Biosciences Inc,56202010,생명 공학 및 의학 연구
INM,InMed Pharmaceuticals Inc,56202010,생명 공학 및 의학 연구
NUWE,Nuwellis Inc,56101010,첨단 의료 장비 및 기술
TIVC,Tivic Health Systems Inc,56101010,첨단 의료 장비 및 기술
GRI,GRI Bio Inc,56202010,생명 공학 및 의학 연구
NUZE,NuZee Inc,54102020,식품 가공
EAST,Eastside Distilling Inc,54101020,증류주 및 포도주
NBSE,NeuBase Therapeutics Inc,56202010,생명 공학 및 의학 연구
VRAX,Virax Biolabs Group Ltd,56202010,생명 공학 및 의학 연구
BBLG,Bone Biologics Corp,56101020,"의료 장비, 물품 및 유통"
RELI,Reliance Global Group Inc,55301010,복합보험 및 중개인
ATNF,180 Life Sciences Corp,56202010,생명 공학 및 의학 연구
SYTA,Siyata Mobile Inc,57106020,전화 및 소형 장치
BJDX,Bluejay Diagnostics Inc,56202010,생명 공학 및 의학 연구
CSSEP,Chicken Soup for the Soul Entertainment 9 75 Cumulative Redeemable Perpetual,53302030,엔터테인먼트 제작
EDBL,Edible Garden AG Inc,54102010,어업 및 농업
TBLT,Toughbuilt Industries Inc,53204030,"가전제품, 도구 및 가정 용품"
UK,Ucommune International Ltd,60101010,"부동산 임대, 개발 및 운영"
AKAN,Akanda Corp,56102010,의료 시설 및 서비스
BRSH,Bruush Oral Care Inc,53204030,"가전제품, 도구 및 가정 용품"
QNRX,Quoin Pharmaceuticals Ltd ADR,56202010,생명 공학 및 의학 연구
SXTC,China SXT Pharmaceuticals Inc,56201040,제약
ALLR,Allarity Therapeutics Inc,56202010,생명 공학 및 의학 연구
CBRGU,Chain Bridge I Units,55601010,투자 지주 회사
SMFL,Smart for Life Inc,53403090,기타 전문 소매
FRMEP,First Merchants Depository Shares reprs 1 100th 7 50 Non Cum Perp Prf Shs A,55101010,은행
FLJ,FLJ Group Ltd ADR,60101010,"부동산 임대, 개발 및 운영"
BHFAL,Brighthouse Financial Junior Subordinated Debentures Exp 2058,55301010,복합보험 및 중개인
OPINL,Office Properties Income 6 375 Senior Notes due 2050,60102020,상업용 REITs
SPWRV,SunPower Corp,50201010,재생 가능 에너지 장비 및 서비스
MAXNV,Maxeon Solar Technologies Ltd,50201010,재생 가능 에너지 장비 및 서비스
MCACR,Monterey Capital Acquisition Rights,55601010,투자 지주 회사
SPEL,Spinal Elements Holdings Inc,56101020,"의료 장비, 물품 및 유통"
MVNR,Mavenir Private Holdings II Ltd,57201020,소프트웨어
BREZR,Breeze Holdings Acquisition Right,55601010,투자 지주 회사
HROWL,Harrow 8 625 Senior Notes due 2026,56201040,제약
RILYK,B Riley Financial 5.50% Senior Notes Due 2026,55102010,투자 은행 및 중개 서비스
SNCRL,Synchronoss Technologies 8 375 Senior Notes due 2026,57201010,IT 서비스 및 컨설팅
METCL,Ramaco Resources 9 00 Senior Notes due 2026,51201020,철 및 강철
RILYZ,B. Riley Financial 5 25 Senior Notes due 2028,55102010,투자 은행 및 중개 서비스
IMAQR,International Media Acquisition Rights,55601010,투자 지주 회사
WHLRL,Wheeler Real Estate Investment Trust 7 00 Senior Conv Notes Due 2031,60102020,상업용 REITs
CLOER,Clover Leaf Capital Rights,55601010,투자 지주 회사
NOVVR,Nova Vision Acquisition Rights,55601010,투자 지주 회사
WINVR,WinVest Acquisition Right,55601010,투자 지주 회사
PPHPR,PHP Ventures Acquisition Rights,55601010,투자 지주 회사
GREEL,Greenidge Generation Holdings 8 50 Senior Notes due 2026,57301030,블록 체인 및 암호화폐
BNIXR,Bannix Acquisition Right Exp 31st July 2026,55601010,투자 지주 회사
FOSLL,Fossil Group 7 Senior Notes due 2026,53202020,의류 및 액세서리
ATLCL,Atlanticus Holdings 6 125 Senior Notes due 2026,55101030,소비자 대출
MCAGR,Mountain Crest Acquisition V Right,55601010,투자 지주 회사
ARBKL,Argo Blockchain 8 75 Senior Notes due 2026,57301030,블록 체인 및 암호화폐
HHGCR,HHG Capital Rights,55601010,투자 지주 회사
RILYG,B. Riley Financial 5 00 Senior Notes due 2026,55102010,투자 은행 및 중개 서비스
GLLIR,Globalink Investment Rights Exp 6th Dec 2026,55601010,투자 지주 회사
BLEUR,bleuacacia Rights,55601010,투자 지주 회사
FEXDR,Fintech Ecosystem Development Rights,55601010,투자 지주 회사
KACLR,Kairous Acquisition Rights,55601010,투자 지주 회사
IGTAR,Inception Growth Acquisition Rights,55601010,투자 지주 회사
ALSAR,Alpha Star Acquisition Rights,55601010,투자 지주 회사
WTMAR,Welsbach Technology Metals Acquisition 1 10th share Ord Shs Rights,55601010,투자 지주 회사
NVACR,NorthView Acquisition Rights,55601010,투자 지주 회사
AIBBR,AIB Acquisition Right,55601010,투자 지주 회사
BRACR,Broad Capital Acquisition Rights,55601010,투자 지주 회사
CSLMR,CSLM Acquisition Rights Exp 12 January 2027,55601010,투자 지주 회사
BWAQR,Blue World Acquisition Right,55601010,투자 지주 회사
RFACR,RF Acquisition Rights Exp 1st May 2028,55601010,투자 지주 회사
GDSTR,Goldenstone Acquisition Rights Exp 15th July 2026,55601010,투자 지주 회사
ASCBR,A SPAC II Acquisition Rights Exp 15th Oct 2026,55601010,투자 지주 회사
RWODR,Redwoods Acquisition Rights,55601010,투자 지주 회사
MSSAR,Metal Sky Star Acquisition Rights Exp 31 Mar 2027,55601010,투자 지주 회사
CLRCR,ClimateRock Rights Exp 25 Apr 2027,55601010,투자 지주 회사
GBBKR,Global Blockchain Acquisition Rights,55601010,투자 지주 회사
YOTAR,Yotta Acquisition Rights,55601010,투자 지주 회사
FLFVR,Feutune Light Acquisition Rights Exp 1st June 2029,55601010,투자 지주 회사
EMCGR,Embrace Change Acquisition Rights,55601010,투자 지주 회사
AQUNR,Aquaron Acquisition Rights Exp 15th July 2026,55601010,투자 지주 회사
GLSTR,Global Star Acquisition Rights Exp 21st June 2024,55601010,투자 지주 회사
SVIIR,Spring Valley Acquisition II Rights Exp 12th Oct 2027,55601010,투자 지주 회사
TENKR,TenX Keane Acquisition Rights Exp 14th Oct 2027,55601010,투자 지주 회사
QOMOR,Qomolangma Acquisition Rights Exp 29 Sep 2027,55601010,투자 지주 회사
HUDAR,Hudson Acquisition I Rights,55601010,투자 지주 회사
HROWM,Harrow 11 875 Senior Notes due 2027,56201040,제약
PLTNR,Plutonian Acquisition Rights,55601010,투자 지주 회사
ATMCR,AlphaTime Acquisition Rights Exp 1st Mar 2028,55601010,투자 지주 회사
ATMVR,AlphaVest Acquisition Rights Exp 19th Jun 2024,55601010,투자 지주 회사
HSPOR,Horizon Space Acquisition I Rights Exp 2nd Mar 2024,55601010,투자 지주 회사
BLACR,Bellevue Life Sciences Acquisition Rights Exp 9 Feb 2028,55601010,투자 지주 회사
MARXR,Mars Acquisition Rights Exp 9th Feb 2028,55601010,투자 지주 회사
CETUR,Cetus Capital Acquisition Rights Exp 31 Mar 2024,55601010,투자 지주 회사
DISTR,Distoken Acquisition Rights Exp 10 Feb 2028,55601010,투자 지주 회사
TMTCR,TMT Acquisition Rights,55601010,투자 지주 회사
TBMCR,Trailblazer Merger Rights Exp 21 April 2028,55601010,투자 지주 회사
OAKUR,Oak Woods Acquisition Rights Exp 3 March 2028,55601010,투자 지주 회사
GODNR,Golden Star Acquisition Rights Exp 1 May 2028,55601010,투자 지주 회사
ESHAR,ESH Acquisition Rights Exp 13 June 2028,55601010,투자 지주 회사
BUJAR,Bukit Jalil Global Acquisition 1 Right Exp 30 December 2024,55601010,투자 지주 회사
BOWNR,Bowen Acquisition Right Exp 1 June 2028,55601010,투자 지주 회사
SWKHL,SWK Holdings 9 00 Senior Notes due 2027,55101050,기업 금융 서비스
NNAGR,99 Acquisition Group Right Exp 25 August 2028,55601010,투자 지주 회사
GLACR,Global Lights Acquisition Rights Exp 14 November 2024,55601010,투자 지주 회사
ABLLL,Abacus Life 9 87 Fixed Rate Senior Notes due 2028,55301010,복합보험 및 중개인
QETAR,Quetta Acquisition Rights Exp 30th Nov 2024,55601010,투자 지주 회사
BAYAR,Bayview Acquisition Rights,55601010,투자 지주 회사
AITRR,AI Transportation Acquisition Rights,55601010,투자 지주 회사
IBLUU,Blue Room Acquisition Units,55601010,투자 지주 회사
AFJKR,Aimei Health Technology Rights Exp 17 November 2028,55601010,투자 지주 회사
PMNT,Perfect Moment Ltd,53205020,오락용 제품
ATLCZ,Atlanticus Holding 9 25 Senior Notes due 2029,55101030,소비자 대출
IROHR,Iron Horse Acquisitions Rights Exp 27 December 2028,55601010,투자 지주 회사
JVSAR,JV SPAC Acquisition Rights Exp 26th Nov 2026,55601010,투자 지주 회사
DYCQR,DT Cloud Acquisition Rights,55601010,투자 지주 회사
TRSG,Tungray Technologies Inc,52102010,산업용 기계 및 장비
IMO,Imperial Oil Ltd,50102030,"오일, 가스 정제 및 마케팅"
CBOE,Cboe Global Markets Inc,55102050,"금융, 상품 시장 운영 및 서비스 제공"
PHYS,Sprott Physical Gold Trust,55501030,폐쇄형 펀드
SIM,Grupo Simec SAB de CV ADR,51201020,철 및 강철
PSLV,Sprott Physical Silver Trust USD,55501030,폐쇄형 펀드
CEF,Sprott Physical Gold and Silver Trust USD,55501030,폐쇄형 펀드
BTG,B2Gold Corp,51201060,금
SEB,Seaboard Corp,54102020,식품 가공
UEC,Uranium Energy Corp,50301010,우라늄
GSAT,Globalstar Inc,57401020,무선 통신 서비스
UTG,Reaves Utility Income Closed Fund,55501030,폐쇄형 펀드
PRK,Park National Corp,55101010,은행
EQX,Equinox Gold Corp,51201060,금
DNN,Denison Mines Corp,50301010,우라늄
CLM,Cornerstone Strategic Value Closed Fund,55501030,폐쇄형 펀드
NHC,National Healthcare Corp,56102010,의료 시설 및 서비스
IE,Ivanhoe Electric Inc,51201080,다각적 채굴
ORLA,Orla Mining Ltd,51201060,금
MAG,MAG Silver Corp,51201010,금 제외 귀금속 및 광물
NGD,New Gold Inc,51201060,금
CET,Central Securities Closed Fund,55501030,폐쇄형 펀드
JWSM.U,Jaws Mustang Acquisition Units,55601010,투자 지주 회사
SILV,SilverCrest Metals Inc,51201010,금 제외 귀금속 및 광물
EVV,Eaton Vance Limited Duration Income Closed Fund,55501030,폐쇄형 펀드
NG,NovaGold Resources Inc,51201060,금
UUUU,Energy Fuels Inc,50301010,우라늄
CATX,Perspective Therapeutics Inc,56101020,"의료 장비, 물품 및 유통"
CRF,Cornerstone Total Return Closed Fund,55501030,폐쇄형 펀드
TGB,Taseko Mines Ltd,51201050,특수 채굴 및 금속
EIM,Eaton Vance Municipal Bond Closed Fund,55501030,폐쇄형 펀드
NFGC,New Found Gold Corp,51201060,금
FAX,abrdn Asia Pacific Income Mutual Fund,55501030,폐쇄형 펀드
LEU,Centrus Energy Corp,50301010,우라늄
SVM,Silvercorp Metals Inc,51201010,금 제외 귀금속 및 광물
TMP,Tompkins Financial Corp,55101010,은행
SKYH,Sky Harbour Group Corp,52407010,공항 운영 및 서비스
OBE,Obsidian Energy Ltd,50102020,"오일, 가스 탐사 및 생산"
GGN,GAMCO Global Gold Natural Resources and Income Closed Fund,55501030,폐쇄형 펀드
REPX,Riley Exploration Permian Inc,50102020,"오일, 가스 탐사 및 생산"
ARMN,Aris Mining Corp,51201060,금
SLSR,Solaris Resources Inc,51201080,다각적 채굴
URG,Ur-Energy Inc,50301010,우라늄
NSTB.U,Northern Star Investment Redeemable Units,55601010,투자 지주 회사
PLM,Polymet Mining Corp,51201080,다각적 채굴
NML,Neuberger Berman Energy Infrastructure and Income,55501030,폐쇄형 펀드
CIX,CompX International Inc,52102010,산업용 기계 및 장비
REI,Ring Energy Inc,50102020,"오일, 가스 탐사 및 생산"
GAU,Galiano Gold Inc,51201060,금
EAD,Allspring Income Opportunities Mutual Fund,55501030,폐쇄형 펀드
FLYX,Flyexclusive Inc,52406010,항공사
VKI,Invesco Advantage Municipal Inc Tr II,55501030,폐쇄형 펀드
BHB,Bar Harbor Bankshares,55101010,은행
IAUX,I-80 Gold Corp,51201060,금
NEWP,New Pacific Metals Corp,51201080,다각적 채굴
VCXB.U,10X Capital Venture Acquisition III Units,55601010,투자 지주 회사
VZLA,Vizsla Silver Corp,51201080,다각적 채굴
FEN,First Trust Energy Income & Growth Fund,55501030,폐쇄형 펀드
ATEK.U,Athena Technology Acquisition II Units,55601010,투자 지주 회사
TELL,Tellurian Inc,50102020,"오일, 가스 탐사 및 생산"
JWSM,JAWS Mustang Acquisition Corp,55601010,투자 지주 회사
MTA,Metalla Royalty & Streaming Ltd,51201080,다각적 채굴
EVE.U,Eve Mobility Acquisition Units,55601010,투자 지주 회사
CYBN,Cybin Inc,56202010,생명 공학 및 의학 연구
GROY,Gold Royalty Corp,55102020,투자 관리 및 펀드 운영
BITE.U,Bite Acquisition Units,55601010,투자 지주 회사
EVI,EVI Industries Inc,52102010,산업용 기계 및 장비
AMBI,Ambipar Emergency Response,52203010,환경 서비스 및 장비
LEGT,Legato Merger Corp III,55601010,투자 지주 회사
GTE,Gran Tierra Energy Inc,50102020,"오일, 가스 탐사 및 생산"
FTF,Franklin Limited Duration Income Trust,55501030,폐쇄형 펀드
ERC,Allspring Multi-Sector Income Fund,55501030,폐쇄형 펀드
AEF,abrdn Emerging Markets Equity Income Mutual Fund,55501030,폐쇄형 펀드
AEON,Aeon Biopharma Inc,56202010,생명 공학 및 의학 연구
GENC,Gencor Industries Inc,52102020,중장비 및 차량
LPA,Logistic Properties of The Americas,60101010,"부동산 임대, 개발 및 운영"
WRN,Western Copper and Gold Corp,51201080,다각적 채굴
RLGT,Radiant Logistics Inc,52405010,"배달, 우편, 항공 화물 및 육상 물류"
EVM,Eaton Vance California Municipal Bond Closed Fund,55501030,폐쇄형 펀드
LCTX,Lineage Cell Therapeutics Inc,56202010,생명 공학 및 의학 연구
OZ,Belpointe PREP Units Class A,55102020,투자 관리 및 펀드 운영
SLND,Southland Holdings Inc,52201020,건설 및 엔지니어링
SENS,Senseonics Holdings Inc,56101020,"의료 장비, 물품 및 유통"
DC,Dakota Gold Corp,51201060,금
EMX,EMX Royalty Corp,51201080,다각적 채굴
LEGT.U,Legato Merger Units,55601010,투자 지주 회사
GLO,Clough Global Opportunities Closed Fund,55501030,폐쇄형 펀드
DHY,Credit Suisse High Yield Bond Closed Fund,55501030,폐쇄형 펀드
NHS,Neuberger Berman High Yield Strategies Fund Inc,55501030,폐쇄형 펀드
STXS,Stereotaxis Inc,56101010,첨단 의료 장비 및 기술
NEN,New England Realty Associates LP DRC,60101010,"부동산 임대, 개발 및 운영"
ATNM,Actinium Pharmaceuticals Inc,56202010,생명 공학 및 의학 연구
FSP,Franklin Street Properties Corp,60102020,상업용 REITs
ELLO,Ellomay Capital Ltd,59101010,전력 유틸리티
SLI,Standard Lithium Ltd,51201050,특수 채굴 및 금속
CMCL,Caledonia Mining Corporation PLC,51201060,금
NBH,Neuberger Berman Municipal Fund Inc,55501030,폐쇄형 펀드
CTGO,Contango ORE Inc,51201060,금
EPM,Evolution Petroleum Corp,50102020,"오일, 가스 탐사 및 생산"
CMT,Core Molding Technologies Inc,51302010,용기(종이 제외) 및 포장재
EVE,EVe Mobility Acquisition Corp,55601010,투자 지주 회사
ENX,Eaton Vance New York Municipal Bond Closed Fund,55501030,폐쇄형 펀드
ESBA,Empire State Realty Operating Partnership Units Series ES,60102020,상업용 REITs
INFU,InfuSystem Holdings Inc,56101020,"의료 장비, 물품 및 유통"
GLDG,GoldMining Inc,51201060,금
ACU,Acme United Corp,52203060,비즈니스 지원 용품
ADRT.U,Ault Disruptive Technologies Units,55601010,투자 지주 회사
NAK,Northern Dynasty Minerals Ltd,51201080,다각적 채굴
CIK,Credit Suisse Asset Management Income Closed Fund,55501030,폐쇄형 펀드
SACH,Sachem Capital Corp,55101010,은행
VCXB,10X Capital Venture Acquisition Corp III,55601010,투자 지주 회사
EVBN,Evans Bancorp Inc,55101010,은행
PLG,Platinum Group Metals Ltd,51201010,금 제외 귀금속 및 광물
MYND,Mynd.ai Inc ADR,63101010,기타 교육 서비스 제공
NRO,Neuberger Berman Real Estate Securities Income Closed Fund,55501030,폐쇄형 펀드
DMF,BNY Mellon Municipal Income Inc,55501030,폐쇄형 펀드
INTT,inTest Corp,52102030,전기 부품 및 장비
THM,International Tower Hill Mines Ltd,51201060,금
FRD,Friedman Industries Inc,51201020,철 및 강철
TRX,TRX Gold Corp,51201060,금
ZOM,Zomedica Corp,56102010,의료 시설 및 서비스
ATEK,Athena Technology Acquisition Corp II,55601010,투자 지주 회사
EP,Empire Petroleum Corp,50102020,"오일, 가스 탐사 및 생산"
VFL,Abrdn National Municipal Income Mutual Fund,55501030,폐쇄형 펀드
ELMD,Electromed Inc,56101010,첨단 의료 장비 및 기술
GLQ,Clough Global Equity Closed Fund,55501030,폐쇄형 펀드
SPPP,Sprott Physical Platinum and Palladium Trust,55501030,폐쇄형 펀드
IDR,Idaho Strategic Resources Inc,51201080,다각적 채굴
DIT,Amcon Distributing Co,54301020,식품 소매 및 유통
ELA,Envela Corp,53403040,의류 및 액세서리 소매
IAF,abrdn Australia Equity Mutual Fund,55501030,폐쇄형 펀드
XTNT,Xtant Medical Holdings Inc,56101020,"의료 장비, 물품 및 유통"
ECF,Ellsworth Growth and Income Fund Ltd,55501030,폐쇄형 펀드
MHH,Mastech Digital Inc,52203030,고용 서비스
BEEP,Mobile Infrastructure Corp,60101010,"부동산 임대, 개발 및 운영"
CHAA,Catcha Investment Corp,55601010,투자 지주 회사
PCG PR A,Pacific Gas and Electric 6% 1st Pref Shs,59101010,전력 유틸리티
ASM,Avino Silver & Gold Mines Ltd,51201080,다각적 채굴
BLUA,Blueriver Acquisition Corp,55601010,투자 지주 회사
HNW,Pioneer Diversified High Income Fund Inc,55501030,폐쇄형 펀드
ARMP,Armata Pharmaceuticals Inc,56202010,생명 공학 및 의학 연구
RYDE,Ryde Group Ltd,57201020,소프트웨어
MRT,Marti Technologies Inc,57201020,소프트웨어
BATL,Battalion Oil Corp,50102020,"오일, 가스 탐사 및 생산"
MPU,Mega Matrix Corp,57201020,소프트웨어
BCV,Bancroft Closed Fund,55501030,폐쇄형 펀드
BITE,Bite Acquisition Corp,55601010,투자 지주 회사
ERH,Allspring Utilities And High Income Mutual Fund,55501030,폐쇄형 펀드
PED,PEDEVCO Corp,50102020,"오일, 가스 탐사 및 생산"
PLX,Protalix Biotherapeutics Inc,56202010,생명 공학 및 의학 연구
BACA,Berenson Acquisition Corp I,55601010,투자 지주 회사
CVM,CEL-SCI Corp,56201040,제약
GLU,Gabelli Global Utility and Income Closed Fund,55501030,폐쇄형 펀드
MYO,Myomo Inc,56101020,"의료 장비, 물품 및 유통"
ITRG,Integra Resources Corp,51201080,다각적 채굴
AE,Adams Resources & Energy Inc,50102030,"오일, 가스 정제 및 마케팅"
FCO,abrdn Global Income Mutual Fund,55501030,폐쇄형 펀드
CEV,Eaton Vance California Municipal Income Closed Fund,55501030,폐쇄형 펀드
AXIL,AXIL Brands Inc,54201020,개인 생활 필수 용품
FURY,Fury Gold Mines Ltd,51201080,다각적 채굴
KULR,KULR Technology Group Inc,52102030,전기 부품 및 장비
APT,Alpha Pro Tech Ltd,56101020,"의료 장비, 물품 및 유통"
ASXC,Asensus Surgical Inc,56101020,"의료 장비, 물품 및 유통"
GLV,Clough Global Dividend and Income Fund,55501030,폐쇄형 펀드
GGN PR B,GAMCO Global Gold Natural Resources and Income 5.00% Cumulative Pref Shs Series,55501030,폐쇄형 펀드
IOR,Income Opportunity Realty Investors Inc,60101010,"부동산 임대, 개발 및 운영"
VGZ,Vista Gold Corp,51201060,금
MPTI,M-Tron Industries Inc,57104010,전자 장비 및 부품
DMYY.U,dMY Squared Technology Group Units Class A,55601010,투자 지주 회사
BHM,Bluerock Homes Trust Inc,60102030,주거용 REITs
SOAR,Volato Group Inc,52406010,항공사
DPSI,DecisionPoint Systems Inc,53403050,컴퓨터 및 전자 제품 소매
USAS,Americas Gold and Silver Corporation,51201080,다각적 채굴
CCEL,Cryo-Cell International Inc,56102010,의료 시설 및 서비스
TMQ,Trilogy Metals Inc,51201080,다각적 채굴
ESP,Espey MFG & Electronics Corp,52102030,전기 부품 및 장비
BRBS,Blue Ridge Bankshares Inc,55101010,은행
STRW,Strawberry Fields Reit Inc,60102040,특수 REITs
XPL,Solitario Resources Corp,51201050,특수 채굴 및 금속
BGI,Birks Group Inc,53202020,의류 및 액세서리
VNRX,VolitionRX Ltd,56202010,생명 공학 및 의학 연구
KNW,Know Labs Inc,56101010,첨단 의료 장비 및 기술
BKTI,BK Technologies Corp,57102010,통신 및 네트워킹
MTNB,Matinas BioPharma Holdings Inc,56202010,생명 공학 및 의학 연구
BDL,Flanigan's Enterprises Inc,53301020,레스토랑 및 바
NTIP,Network-1 Technologies Inc,53302030,엔터테인먼트 제작
INUV,Inuvo Inc,57201020,소프트웨어
SATX,Satixfy Communications Ltd,57102010,통신 및 네트워킹
OGCP,Empire State Realty Operating Partnership Units Series 60,60102020,상업용 REITs
MGLD,Marygold Companies Inc,55102020,투자 관리 및 펀드 운영
ISDR,Issuer Direct Corp,57201010,IT 서비스 및 컨설팅
MLSS,Milestone Scientific Inc,56101010,첨단 의료 장비 및 기술
SACH PR A,Sachem Capital 7 75 Cumulative Redeemable Pref Shs Series A,55101010,은행
DMYY,DMY Squared Technology Group Inc,55601010,투자 지주 회사
INDO,Indonesia Energy Corp Ltd,50102020,"오일, 가스 탐사 및 생산"
GORO,Gold Resource Corp,51201080,다각적 채굴
MAIA,Maia Biotechnology Inc,56202010,생명 공학 및 의학 연구
TOON,Kartoon Studios Inc,53302030,엔터테인먼트 제작
LODE,Comstock Inc,51201080,다각적 채굴
COE,51Talk Online Education Group ADR,63101010,기타 교육 서비스 제공
ADRT,Ault Disruptive Technologies Corp,55601010,투자 지주 회사
GLU PR B,The Gabelli Global Utility Income Cumulative Pref Shs Series B,55501030,폐쇄형 펀드
GRF,Eagle Capital Growth Fund,55501030,폐쇄형 펀드
JOB,GEE Group Inc,52203030,고용 서비스
ZDGE,Zedge Inc,57201020,소프트웨어
CVU,CPI Aerostructures Inc,52101010,항공우주 및 방위
SDPI,Superior Drilling Products Inc,50103020,오일 관련 서비스 및 장비
MMA,Alta Global Group Ltd,53301040,여가 및 오락시설
PCG PR D,Pacific Gas and Electric 5% 1st Redeemable Pref Shs,59101010,전력 유틸리티
IGC,IGC Pharma Inc,56202010,생명 공학 및 의학 연구
RVP,Retractable Technologies Inc,56101020,"의료 장비, 물품 및 유통"
HWM PR,Howmet Aerospace Pref Shs,52101010,항공우주 및 방위
PTN,Palatin Technologies Inc,56202010,생명 공학 및 의학 연구
LGL,LGL Group Inc,52102030,전기 부품 및 장비
SVT,Servotronics Inc,52102030,전기 부품 및 장비
INLX,Intellinetics Inc,57201020,소프트웨어
GNS,Genius Group Ltd,63101010,기타 교육 서비스 제공
BRN,Barnwell Industries Inc,50102020,"오일, 가스 탐사 및 생산"
SER,Serina Therapeutics Inc,56202010,생명 공학 및 의학 연구
MXC,Mexco Energy Corp,50102020,"오일, 가스 탐사 및 생산"
PZG,Paramount Gold Nevada Corp,51201060,금
UAMY,United States Antimony Corp,51201050,특수 채굴 및 금속
BCV PR A,Bancroft 5.375 Cumulative Pref Shs Series A,55501030,폐쇄형 펀드
TRT,Trio-Tech International,57101020,반도체 장비 및 테스트
CKX,CKX Lands Inc,60101010,"부동산 임대, 개발 및 운영"
ECF PR A,Ellsworth Growth and Income 5.25 Cumulative Pref Shs Series A,55501030,폐쇄형 펀드
FSI,Flexible Solutions International Inc,51101030,특수 화학제
WWR,Westwater Resources Inc,51201080,다각적 채굴
CEI,Camber Energy Inc,50102020,"오일, 가스 탐사 및 생산"
PCG PR B,Pacific Gas and Electric 5.5% 1st Pref Shs,59101010,전력 유틸리티
DDC,DDC Enterprise Ltd,54102020,식품 가공
AIM,AIM ImmunoTech Inc,56202010,생명 공학 및 의학 연구
FISK,Empire State Realty Operating Partnership Units Series 250,60102020,상업용 REITs
NRXS,Neuraxis Inc,56101020,"의료 장비, 물품 및 유통"
LSF,Laird Superfood Inc,54102020,식품 가공
AAU,Almaden Minerals Ltd,51201080,다각적 채굴
LPTV,Loop Media Inc,53302020,방송
SIF,SIFCO Industries Inc,51201020,철 및 강철
SYNX,Silynxcom Ltd,57102010,통신 및 네트워킹
AREN,Arena Group Holdings Inc,57201030,온라인 서비스
AMS,American Shared Hospital Services,52203040,경영 지원 서비스
DLA,Delta Apparel Inc,53202020,의류 및 액세서리
HUSA,Houston American Energy Corp,50102020,"오일, 가스 탐사 및 생산"
BMTX,Bm Technologies Inc,57301010,핀테크
WYY,WidePoint Corp,57201010,IT 서비스 및 컨설팅
PCG PR E,Pacific Gas and Electric 5% 1st Redeemable Pref Shs Series A,59101010,전력 유틸리티
AIRI,Air Industries Group,52101010,항공우주 및 방위
AINC,Ashford Inc,55102020,투자 관리 및 펀드 운영
PHGE,Biomx Inc,56202010,생명 공학 및 의학 연구
ATCH,Atlasclear Holdings Inc,57301090,기타 핀테크 인프라
CVR,Chicago Rivet & Machine Co,53101020,"자동차, 트럭 및 오토바이 부품"
IBIO,Ibio Inc,56201040,제약
SBEV,Splash Beverage Group Inc,54101030,무알콜 음료
AUST,Austin Gold Corp,51201060,금
PLAG,Planet Green Holdings Corp,54102020,식품 가공
PCG PR G,Pacific Gas and Electric 4.8% 1st Pref Shs,59101010,전력 유틸리티
UMAC,Unusual Machines Inc,55102020,투자 관리 및 펀드 운영
NNVC,NanoViricides Inc,56202010,생명 공학 및 의학 연구
MI,Nft Ltd,57201030,온라인 서비스
IHT,InnSuites Hospitality Trust,60102040,특수 REITs
DSS,Dss Inc,51302020,종이 포장재
TPET,Trio Petroleum Corp,50103020,오일 관련 서비스 및 장비
COHN,Cohen & Company Inc,55102050,"금융, 상품 시장 운영 및 서비스 제공"
CTM,Castellum Inc,57201010,IT 서비스 및 컨설팅
MSN,Emerson Radio Corp,53204030,"가전제품, 도구 및 가정 용품"
PAPL,Pineapple Financial Inc,55101030,소비자 대출
OPTT,Ocean Power Technologies Inc,50201010,재생 가능 에너지 장비 및 서비스
RCG,RENN Fund,55102020,투자 관리 및 펀드 운영
SGE,Strong Global Entertainment Inc,57106030,가정용 전자 제품
NCL,Northann Corp,53403020,주택 개조 제품 및 서비스 소매
BLUA.U,Blueriver Acquisition Units,55601010,투자 지주 회사
MWG,Multi Ways Holdings Ltd,52203040,경영 지원 서비스
AULT PR D,Ault Alliance 13 00 Cumulative Redeemable Perpetual Pref Shs Series D,57301030,블록 체인 및 암호화폐
PCG PR H,Pacific Gas and Electric 4.5% 1st Pref Shs,59101010,전력 유틸리티
VINE,Fresh Vine Wine Inc,54101020,증류주 및 포도주
CANF,Can Fite Biopharma Ltd ADR,56201040,제약
GRFX,Graphex Group Ltd ADR,51101030,특수 화학제
AUMN,Golden Minerals Co,51201010,금 제외 귀금속 및 광물
TPHS,Trinity Place Holdings Inc,60101010,"부동산 임대, 개발 및 운영"
HNRA,HNR Acquisition Corp,50102020,"오일, 가스 탐사 및 생산"
AWX,Avalon Holdings Corp,52203010,환경 서비스 및 장비
AAMC,Altisource Asset Management Corp,60101020,부동산 서비스
TOVX,Theriva Biologics Inc,56202010,생명 공학 및 의학 연구
PCG PR C,Pacific Gas and Electric 5% 1st Pref Shs,59101010,전력 유틸리티
AULT,Ault Alliance Inc,57301030,블록 체인 및 암호화폐
CHRO,Chromocell Therapeutics Corp,56202010,생명 공학 및 의학 연구
ENSV,Enservco Corp,50103020,오일 관련 서비스 및 장비
UAVS,Ageagle Aerial Systems Inc,52101010,항공우주 및 방위
PCG PR I,Pacific Gas and Electric 4.36% 1st Pref Shs,59101010,전력 유틸리티
MITQ,Moving Image Technologies Inc,57106030,가정용 전자 제품
BURU,NUBURU Inc,52102010,산업용 기계 및 장비
CLDI,Calidi Biotherapeutics Inc,56202010,생명 공학 및 의학 연구
SCPX,Scorpius Holdings Inc,56201040,제약
GBR,New Concept Energy Inc,60101010,"부동산 임대, 개발 및 운영"
BTTR,Better Choice Company Inc,54102020,식품 가공
AZTR,Azitra Inc,56202010,생명 공학 및 의학 연구
RHE,Regional Health Properties Inc,60101010,"부동산 임대, 개발 및 운영"
EFSH,1847 Holdings LLC,53403050,컴퓨터 및 전자 제품 소매
OGEN,Oragenics Inc,56202010,생명 공학 및 의학 연구
SSY,SunLink Health Systems Inc,54301010,의약품 소매
CPHI,China Pharma Holdings Inc,56201040,제약
VHAI,Vocodia Holdings Corp,57201020,소프트웨어
AMBO,Ambow Education Holding Ltd ADR,63102010,"초, 중, 고등 교육기관"
SGN,Signing Day Sports Inc,57201020,소프트웨어
POL,Polished.Com Inc,53402010,백화점
UUU,Universal Security Instruments Inc,57102010,통신 및 네트워킹
ID,PARTS iD Inc,53403010,"자동차 차량, 부품 및 서비스 소매"
VTAK,Catheter Precision Inc,56101010,첨단 의료 장비 및 기술
YCBD PR A,cbdMD 8 0 Series A Cumulative Convertible Pref Shs,56201040,제약
YCBD,cbdMD Inc,56201040,제약
NBY,NovaBay Pharmaceuticals Inc,56202010,생명 공학 및 의학 연구
PHGE.U,BiomX Units,56202010,생명 공학 및 의학 연구
FOXO,Foxo Technologies Inc,57201010,IT 서비스 및 컨설팅
ITP,IT Tech Packaging Inc,51301020,종이 제품
PW,Power REIT,60102020,상업용 REITs
BQ,Boqii Holding Ltd ADR,53403090,기타 전문 소매
DXF,Dunxin Financial Holdings Ltd ADR,55101030,소비자 대출
GLU PR A,Gabelli Global Utility and Income Cumulative Puttable and Callable Pref Shs,55501030,폐쇄형 펀드
RHE PR A,Regional Health Properties 10.875 Cumulative Redeemable Pref Shs Series A,60101010,"부동산 임대, 개발 및 운영"
PW PR A,Power REIT 7.75% Cumulative Redeemable Perpetual Pref Shs Series A,60102020,상업용 REITs
SING,SinglePoint Inc,52201020,건설 및 엔지니어링
TELZ,Tellurian 8 25 Senior Notes due 2028,50102020,"오일, 가스 탐사 및 생산"
LNFA.U,L F Acquisition Redeemable Units Class A,55601010,투자 지주 회사
AMDI,Amphitrite Digital Inc,53301040,여가 및 오락시설
ONDR,Sushi Ginza Onodera Inc,,
